,PROPERTY CITY,Month,INTEREST RATE,Category,ON,spread between libor ON,Corr with libor ON,1W,spread between libor 1W,Corr with libor 1W,1M,spread between libor 1M,Corr with libor 1M,2M,spread between libor 2M,Corr with libor 2M,3M,spread between libor 3M,Corr with libor 3M,6M,spread between libor 6M,Corr with libor 6M,12M,spread between libor 12M,Corr with libor 12M,1 Mo,spread between 1 Mo treasury,Corr with 1 Mo treasury,6 Mo,spread between 6 Mo treasury,Corr with 6 Mo treasury,1 Yr,spread between 1 Yr treasury,Corr with 1 Yr treasury,5 Yr,spread between 5 Yr treasury,Corr with 5 Yr treasury,10 Yr,spread between 10 Yr treasury,Corr with 10 Yr treasury,20 Yr,spread between 20 Yr treasury,Corr with 20 Yr treasury,30 Yr,spread between 30 Yr treasury,Corr with 30 Yr treasury,auto_vol(2),Corr with auto_vol(2),student_vol(2),Corr with student_vol(2),credit_tightness(-3),Corr with credit_tightness(-3),mortgage 30-89(1),Corr with mortgage 30-89(1),mortgage 90(-1),Corr with mortgage 90(-1)
0,SALEM,2009-12,5.075,Improvements_Additions for Apartments_Coops,0.17885714285714288,4.896142857142857,0.05958662783351882,0.2141833333333333,4.860816666666667,0.05905122032868824,0.23288904761904766,4.842110952380953,0.05939369175108205,0.24197238095238102,4.833027619047619,0.05412018919704202,0.2530461904761905,4.8219538095238095,0.04103644513311861,0.4528776190476191,4.622122380952381,0.031919102852467754,0.9993009523809523,4.0756990476190476,0.08100765274789541,0.03181818181818183,5.043181818181818,0.07267233236866538,0.16772727272727275,4.907272727272727,0.0882950524027523,0.37136363636363634,4.703636363636364,0.12201849779144722,2.3404545454545453,2.734545454545455,0.6552894900837483,3.589999999999999,1.4850000000000012,0.8185374824986037,4.399545454545455,0.6754545454545449,0.721260067499423,4.494090909090908,0.5809090909090919,0.6676106477272844,25116521917.8418,-0.5293944514892573,14228362706.5907,0.7300229069503474,103.99632208797199,0.5905999374336017,5.3,0.26712306021435644,4.1,0.29187999122436364
1,SALEM,2009-12,5.075,Improvements_Additions for Apartments_Coops,0.17885714285714288,4.896142857142857,0.05958662783351882,0.2141833333333333,4.860816666666667,0.05905122032868824,0.23288904761904766,4.842110952380953,0.05939369175108205,0.24197238095238102,4.833027619047619,0.05412018919704202,0.2530461904761905,4.8219538095238095,0.04103644513311861,0.4528776190476191,4.622122380952381,0.031919102852467754,0.9993009523809523,4.0756990476190476,0.08100765274789541,0.03181818181818183,5.043181818181818,0.07267233236866538,0.16772727272727275,4.907272727272727,0.0882950524027523,0.37136363636363634,4.703636363636364,0.12201849779144722,2.3404545454545453,2.734545454545455,0.6552894900837483,3.589999999999999,1.4850000000000012,0.8185374824986037,4.399545454545455,0.6754545454545449,0.721260067499423,4.494090909090908,0.5809090909090919,0.6676106477272844,25116521917.8418,-0.5293944514892573,14228362706.5907,0.7300229069503474,103.99632208797199,0.5905999374336017,5.3,0.26712306021435644,3.9,0.29187999122436364
2,SALEM,2009-12,5.075,Improvements_Additions for Apartments_Coops,0.17885714285714288,4.896142857142857,0.05958662783351882,0.2141833333333333,4.860816666666667,0.05905122032868824,0.23288904761904766,4.842110952380953,0.05939369175108205,0.24197238095238102,4.833027619047619,0.05412018919704202,0.2530461904761905,4.8219538095238095,0.04103644513311861,0.4528776190476191,4.622122380952381,0.031919102852467754,0.9993009523809523,4.0756990476190476,0.08100765274789541,0.03181818181818183,5.043181818181818,0.07267233236866538,0.16772727272727275,4.907272727272727,0.0882950524027523,0.37136363636363634,4.703636363636364,0.12201849779144722,2.3404545454545453,2.734545454545455,0.6552894900837483,3.589999999999999,1.4850000000000012,0.8185374824986037,4.399545454545455,0.6754545454545449,0.721260067499423,4.494090909090908,0.5809090909090919,0.6676106477272844,25116521917.8418,-0.5293944514892573,14228362706.5907,0.7300229069503474,103.99632208797199,0.5905999374336017,5.3,0.26712306021435644,3.5,0.29187999122436364
3,SALEM,2009-12,5.075,Improvements_Additions for Apartments_Coops,0.17885714285714288,4.896142857142857,0.05958662783351882,0.2141833333333333,4.860816666666667,0.05905122032868824,0.23288904761904766,4.842110952380953,0.05939369175108205,0.24197238095238102,4.833027619047619,0.05412018919704202,0.2530461904761905,4.8219538095238095,0.04103644513311861,0.4528776190476191,4.622122380952381,0.031919102852467754,0.9993009523809523,4.0756990476190476,0.08100765274789541,0.03181818181818183,5.043181818181818,0.07267233236866538,0.16772727272727275,4.907272727272727,0.0882950524027523,0.37136363636363634,4.703636363636364,0.12201849779144722,2.3404545454545453,2.734545454545455,0.6552894900837483,3.589999999999999,1.4850000000000012,0.8185374824986037,4.399545454545455,0.6754545454545449,0.721260067499423,4.494090909090908,0.5809090909090919,0.6676106477272844,25116521917.8418,-0.5293944514892573,14228362706.5907,0.7300229069503474,103.99632208797199,0.5905999374336017,5.3,0.26712306021435644,3.6,0.29187999122436364
4,SALEM,2009-12,5.075,Improvements_Additions for Apartments_Coops,0.17885714285714288,4.896142857142857,0.05958662783351882,0.2141833333333333,4.860816666666667,0.05905122032868824,0.23288904761904766,4.842110952380953,0.05939369175108205,0.24197238095238102,4.833027619047619,0.05412018919704202,0.2530461904761905,4.8219538095238095,0.04103644513311861,0.4528776190476191,4.622122380952381,0.031919102852467754,0.9993009523809523,4.0756990476190476,0.08100765274789541,0.03181818181818183,5.043181818181818,0.07267233236866538,0.16772727272727275,4.907272727272727,0.0882950524027523,0.37136363636363634,4.703636363636364,0.12201849779144722,2.3404545454545453,2.734545454545455,0.6552894900837483,3.589999999999999,1.4850000000000012,0.8185374824986037,4.399545454545455,0.6754545454545449,0.721260067499423,4.494090909090908,0.5809090909090919,0.6676106477272844,25116521917.8418,-0.5293944514892573,14228362706.5907,0.7300229069503474,103.99632208797199,0.5905999374336017,2.8,0.26712306021435644,4.1,0.29187999122436364
5,SALEM,2009-12,5.075,Improvements_Additions for Apartments_Coops,0.17885714285714288,4.896142857142857,0.05958662783351882,0.2141833333333333,4.860816666666667,0.05905122032868824,0.23288904761904766,4.842110952380953,0.05939369175108205,0.24197238095238102,4.833027619047619,0.05412018919704202,0.2530461904761905,4.8219538095238095,0.04103644513311861,0.4528776190476191,4.622122380952381,0.031919102852467754,0.9993009523809523,4.0756990476190476,0.08100765274789541,0.03181818181818183,5.043181818181818,0.07267233236866538,0.16772727272727275,4.907272727272727,0.0882950524027523,0.37136363636363634,4.703636363636364,0.12201849779144722,2.3404545454545453,2.734545454545455,0.6552894900837483,3.589999999999999,1.4850000000000012,0.8185374824986037,4.399545454545455,0.6754545454545449,0.721260067499423,4.494090909090908,0.5809090909090919,0.6676106477272844,25116521917.8418,-0.5293944514892573,14228362706.5907,0.7300229069503474,103.99632208797199,0.5905999374336017,2.8,0.26712306021435644,3.9,0.29187999122436364
6,SALEM,2009-12,5.075,Improvements_Additions for Apartments_Coops,0.17885714285714288,4.896142857142857,0.05958662783351882,0.2141833333333333,4.860816666666667,0.05905122032868824,0.23288904761904766,4.842110952380953,0.05939369175108205,0.24197238095238102,4.833027619047619,0.05412018919704202,0.2530461904761905,4.8219538095238095,0.04103644513311861,0.4528776190476191,4.622122380952381,0.031919102852467754,0.9993009523809523,4.0756990476190476,0.08100765274789541,0.03181818181818183,5.043181818181818,0.07267233236866538,0.16772727272727275,4.907272727272727,0.0882950524027523,0.37136363636363634,4.703636363636364,0.12201849779144722,2.3404545454545453,2.734545454545455,0.6552894900837483,3.589999999999999,1.4850000000000012,0.8185374824986037,4.399545454545455,0.6754545454545449,0.721260067499423,4.494090909090908,0.5809090909090919,0.6676106477272844,25116521917.8418,-0.5293944514892573,14228362706.5907,0.7300229069503474,103.99632208797199,0.5905999374336017,2.8,0.26712306021435644,3.5,0.29187999122436364
7,SALEM,2009-12,5.075,Improvements_Additions for Apartments_Coops,0.17885714285714288,4.896142857142857,0.05958662783351882,0.2141833333333333,4.860816666666667,0.05905122032868824,0.23288904761904766,4.842110952380953,0.05939369175108205,0.24197238095238102,4.833027619047619,0.05412018919704202,0.2530461904761905,4.8219538095238095,0.04103644513311861,0.4528776190476191,4.622122380952381,0.031919102852467754,0.9993009523809523,4.0756990476190476,0.08100765274789541,0.03181818181818183,5.043181818181818,0.07267233236866538,0.16772727272727275,4.907272727272727,0.0882950524027523,0.37136363636363634,4.703636363636364,0.12201849779144722,2.3404545454545453,2.734545454545455,0.6552894900837483,3.589999999999999,1.4850000000000012,0.8185374824986037,4.399545454545455,0.6754545454545449,0.721260067499423,4.494090909090908,0.5809090909090919,0.6676106477272844,25116521917.8418,-0.5293944514892573,14228362706.5907,0.7300229069503474,103.99632208797199,0.5905999374336017,2.8,0.26712306021435644,3.6,0.29187999122436364
8,SALEM,2011-03,4.3,Improvements_Additions for Apartments_Coops,0.2076739130434783,4.092326086956522,0.05958662783351882,0.23889782608695653,4.061102173913043,0.05905122032868824,0.2532847826086956,4.046715217391304,0.05939369175108205,0.2829456521739131,4.017054347826087,0.05412018919704202,0.30843478260869567,3.991565217391304,0.04103644513311861,0.4607826086956522,3.8392173913043477,0.031919102852467754,0.7797065217391305,3.5202934782608692,0.08100765274789541,0.06478260869565221,4.235217391304348,0.07267233236866538,0.15652173913043482,4.143478260869565,0.0882950524027523,0.25913043478260867,4.040869565217391,0.12201849779144722,2.1134782608695653,2.1865217391304346,0.6552894900837483,3.414347826086956,0.8856521739130438,0.8185374824986037,4.26608695652174,0.033913043478260185,0.721260067499423,4.5139130434782615,-0.21391304347826168,0.6676106477272844,31041077337.2648,-0.5293944514892573,13753511368.0623,0.7300229069503474,94.7176548951663,0.5905999374336017,4.2,0.26712306021435644,3.0,0.29187999122436364
9,SALEM,2011-03,4.3,Improvements_Additions for Apartments_Coops,0.2076739130434783,4.092326086956522,0.05958662783351882,0.23889782608695653,4.061102173913043,0.05905122032868824,0.2532847826086956,4.046715217391304,0.05939369175108205,0.2829456521739131,4.017054347826087,0.05412018919704202,0.30843478260869567,3.991565217391304,0.04103644513311861,0.4607826086956522,3.8392173913043477,0.031919102852467754,0.7797065217391305,3.5202934782608692,0.08100765274789541,0.06478260869565221,4.235217391304348,0.07267233236866538,0.15652173913043482,4.143478260869565,0.0882950524027523,0.25913043478260867,4.040869565217391,0.12201849779144722,2.1134782608695653,2.1865217391304346,0.6552894900837483,3.414347826086956,0.8856521739130438,0.8185374824986037,4.26608695652174,0.033913043478260185,0.721260067499423,4.5139130434782615,-0.21391304347826168,0.6676106477272844,31041077337.2648,-0.5293944514892573,13753511368.0623,0.7300229069503474,94.7176548951663,0.5905999374336017,4.2,0.26712306021435644,2.9,0.29187999122436364
10,SALEM,2011-03,4.3,Improvements_Additions for Apartments_Coops,0.2076739130434783,4.092326086956522,0.05958662783351882,0.23889782608695653,4.061102173913043,0.05905122032868824,0.2532847826086956,4.046715217391304,0.05939369175108205,0.2829456521739131,4.017054347826087,0.05412018919704202,0.30843478260869567,3.991565217391304,0.04103644513311861,0.4607826086956522,3.8392173913043477,0.031919102852467754,0.7797065217391305,3.5202934782608692,0.08100765274789541,0.06478260869565221,4.235217391304348,0.07267233236866538,0.15652173913043482,4.143478260869565,0.0882950524027523,0.25913043478260867,4.040869565217391,0.12201849779144722,2.1134782608695653,2.1865217391304346,0.6552894900837483,3.414347826086956,0.8856521739130438,0.8185374824986037,4.26608695652174,0.033913043478260185,0.721260067499423,4.5139130434782615,-0.21391304347826168,0.6676106477272844,31041077337.2648,-0.5293944514892573,13753511368.0623,0.7300229069503474,94.7176548951663,0.5905999374336017,4.2,0.26712306021435644,3.3,0.29187999122436364
11,SALEM,2011-03,4.3,Improvements_Additions for Apartments_Coops,0.2076739130434783,4.092326086956522,0.05958662783351882,0.23889782608695653,4.061102173913043,0.05905122032868824,0.2532847826086956,4.046715217391304,0.05939369175108205,0.2829456521739131,4.017054347826087,0.05412018919704202,0.30843478260869567,3.991565217391304,0.04103644513311861,0.4607826086956522,3.8392173913043477,0.031919102852467754,0.7797065217391305,3.5202934782608692,0.08100765274789541,0.06478260869565221,4.235217391304348,0.07267233236866538,0.15652173913043482,4.143478260869565,0.0882950524027523,0.25913043478260867,4.040869565217391,0.12201849779144722,2.1134782608695653,2.1865217391304346,0.6552894900837483,3.414347826086956,0.8856521739130438,0.8185374824986037,4.26608695652174,0.033913043478260185,0.721260067499423,4.5139130434782615,-0.21391304347826168,0.6676106477272844,31041077337.2648,-0.5293944514892573,13753511368.0623,0.7300229069503474,94.7176548951663,0.5905999374336017,4.2,0.26712306021435644,3.3,0.29187999122436364
12,SALEM,2011-03,4.3,Improvements_Additions for Apartments_Coops,0.2076739130434783,4.092326086956522,0.05958662783351882,0.23889782608695653,4.061102173913043,0.05905122032868824,0.2532847826086956,4.046715217391304,0.05939369175108205,0.2829456521739131,4.017054347826087,0.05412018919704202,0.30843478260869567,3.991565217391304,0.04103644513311861,0.4607826086956522,3.8392173913043477,0.031919102852467754,0.7797065217391305,3.5202934782608692,0.08100765274789541,0.06478260869565221,4.235217391304348,0.07267233236866538,0.15652173913043482,4.143478260869565,0.0882950524027523,0.25913043478260867,4.040869565217391,0.12201849779144722,2.1134782608695653,2.1865217391304346,0.6552894900837483,3.414347826086956,0.8856521739130438,0.8185374824986037,4.26608695652174,0.033913043478260185,0.721260067499423,4.5139130434782615,-0.21391304347826168,0.6676106477272844,31041077337.2648,-0.5293944514892573,13753511368.0623,0.7300229069503474,94.7176548951663,0.5905999374336017,2.8,0.26712306021435644,3.0,0.29187999122436364
13,SALEM,2011-03,4.3,Improvements_Additions for Apartments_Coops,0.2076739130434783,4.092326086956522,0.05958662783351882,0.23889782608695653,4.061102173913043,0.05905122032868824,0.2532847826086956,4.046715217391304,0.05939369175108205,0.2829456521739131,4.017054347826087,0.05412018919704202,0.30843478260869567,3.991565217391304,0.04103644513311861,0.4607826086956522,3.8392173913043477,0.031919102852467754,0.7797065217391305,3.5202934782608692,0.08100765274789541,0.06478260869565221,4.235217391304348,0.07267233236866538,0.15652173913043482,4.143478260869565,0.0882950524027523,0.25913043478260867,4.040869565217391,0.12201849779144722,2.1134782608695653,2.1865217391304346,0.6552894900837483,3.414347826086956,0.8856521739130438,0.8185374824986037,4.26608695652174,0.033913043478260185,0.721260067499423,4.5139130434782615,-0.21391304347826168,0.6676106477272844,31041077337.2648,-0.5293944514892573,13753511368.0623,0.7300229069503474,94.7176548951663,0.5905999374336017,2.8,0.26712306021435644,2.9,0.29187999122436364
14,SALEM,2011-03,4.3,Improvements_Additions for Apartments_Coops,0.2076739130434783,4.092326086956522,0.05958662783351882,0.23889782608695653,4.061102173913043,0.05905122032868824,0.2532847826086956,4.046715217391304,0.05939369175108205,0.2829456521739131,4.017054347826087,0.05412018919704202,0.30843478260869567,3.991565217391304,0.04103644513311861,0.4607826086956522,3.8392173913043477,0.031919102852467754,0.7797065217391305,3.5202934782608692,0.08100765274789541,0.06478260869565221,4.235217391304348,0.07267233236866538,0.15652173913043482,4.143478260869565,0.0882950524027523,0.25913043478260867,4.040869565217391,0.12201849779144722,2.1134782608695653,2.1865217391304346,0.6552894900837483,3.414347826086956,0.8856521739130438,0.8185374824986037,4.26608695652174,0.033913043478260185,0.721260067499423,4.5139130434782615,-0.21391304347826168,0.6676106477272844,31041077337.2648,-0.5293944514892573,13753511368.0623,0.7300229069503474,94.7176548951663,0.5905999374336017,2.8,0.26712306021435644,3.3,0.29187999122436364
15,SALEM,2011-03,4.3,Improvements_Additions for Apartments_Coops,0.2076739130434783,4.092326086956522,0.05958662783351882,0.23889782608695653,4.061102173913043,0.05905122032868824,0.2532847826086956,4.046715217391304,0.05939369175108205,0.2829456521739131,4.017054347826087,0.05412018919704202,0.30843478260869567,3.991565217391304,0.04103644513311861,0.4607826086956522,3.8392173913043477,0.031919102852467754,0.7797065217391305,3.5202934782608692,0.08100765274789541,0.06478260869565221,4.235217391304348,0.07267233236866538,0.15652173913043482,4.143478260869565,0.0882950524027523,0.25913043478260867,4.040869565217391,0.12201849779144722,2.1134782608695653,2.1865217391304346,0.6552894900837483,3.414347826086956,0.8856521739130438,0.8185374824986037,4.26608695652174,0.033913043478260185,0.721260067499423,4.5139130434782615,-0.21391304347826168,0.6676106477272844,31041077337.2648,-0.5293944514892573,13753511368.0623,0.7300229069503474,94.7176548951663,0.5905999374336017,2.8,0.26712306021435644,3.3,0.29187999122436364
16,SALEM,2011-09,3.9,Improvements_Additions for Apartments_Coops,0.14525181818181823,3.7547481818181816,0.05958662783351882,0.1884,3.7116,0.05905122032868824,0.23085045454545455,3.6691495454545455,0.05939369175108205,0.2845913636363636,3.6154086363636364,0.05412018919704202,0.3502268181818181,3.549773181818182,0.04103644513311861,0.5222018181818182,3.3777981818181817,0.031919102852467754,0.8332045454545454,3.0667954545454545,0.08100765274789541,0.005714285714285713,3.894285714285714,0.07267233236866538,0.04333333333333335,3.8566666666666665,0.0882950524027523,0.10476190476190479,3.795238095238095,0.12201849779144722,0.9004761904761904,2.9995238095238097,0.6552894900837483,1.9752380952380955,1.9247619047619045,0.8185374824986037,2.8271428571428574,1.0728571428571425,0.721260067499423,3.182380952380953,0.7176190476190469,0.6676106477272844,34825519831.2788,-0.5293944514892573,11784187253.6333,0.7300229069503474,90.24550000965358,0.5905999374336017,4.9,0.26712306021435644,3.4,0.29187999122436364
17,SALEM,2011-09,3.9,Improvements_Additions for Apartments_Coops,0.14525181818181823,3.7547481818181816,0.05958662783351882,0.1884,3.7116,0.05905122032868824,0.23085045454545455,3.6691495454545455,0.05939369175108205,0.2845913636363636,3.6154086363636364,0.05412018919704202,0.3502268181818181,3.549773181818182,0.04103644513311861,0.5222018181818182,3.3777981818181817,0.031919102852467754,0.8332045454545454,3.0667954545454545,0.08100765274789541,0.005714285714285713,3.894285714285714,0.07267233236866538,0.04333333333333335,3.8566666666666665,0.0882950524027523,0.10476190476190479,3.795238095238095,0.12201849779144722,0.9004761904761904,2.9995238095238097,0.6552894900837483,1.9752380952380955,1.9247619047619045,0.8185374824986037,2.8271428571428574,1.0728571428571425,0.721260067499423,3.182380952380953,0.7176190476190469,0.6676106477272844,34825519831.2788,-0.5293944514892573,11784187253.6333,0.7300229069503474,90.24550000965358,0.5905999374336017,4.9,0.26712306021435644,3.5,0.29187999122436364
18,SALEM,2011-09,3.9,Improvements_Additions for Apartments_Coops,0.14525181818181823,3.7547481818181816,0.05958662783351882,0.1884,3.7116,0.05905122032868824,0.23085045454545455,3.6691495454545455,0.05939369175108205,0.2845913636363636,3.6154086363636364,0.05412018919704202,0.3502268181818181,3.549773181818182,0.04103644513311861,0.5222018181818182,3.3777981818181817,0.031919102852467754,0.8332045454545454,3.0667954545454545,0.08100765274789541,0.005714285714285713,3.894285714285714,0.07267233236866538,0.04333333333333335,3.8566666666666665,0.0882950524027523,0.10476190476190479,3.795238095238095,0.12201849779144722,0.9004761904761904,2.9995238095238097,0.6552894900837483,1.9752380952380955,1.9247619047619045,0.8185374824986037,2.8271428571428574,1.0728571428571425,0.721260067499423,3.182380952380953,0.7176190476190469,0.6676106477272844,34825519831.2788,-0.5293944514892573,11784187253.6333,0.7300229069503474,90.24550000965358,0.5905999374336017,4.9,0.26712306021435644,2.8,0.29187999122436364
19,SALEM,2011-09,3.9,Improvements_Additions for Apartments_Coops,0.14525181818181823,3.7547481818181816,0.05958662783351882,0.1884,3.7116,0.05905122032868824,0.23085045454545455,3.6691495454545455,0.05939369175108205,0.2845913636363636,3.6154086363636364,0.05412018919704202,0.3502268181818181,3.549773181818182,0.04103644513311861,0.5222018181818182,3.3777981818181817,0.031919102852467754,0.8332045454545454,3.0667954545454545,0.08100765274789541,0.005714285714285713,3.894285714285714,0.07267233236866538,0.04333333333333335,3.8566666666666665,0.0882950524027523,0.10476190476190479,3.795238095238095,0.12201849779144722,0.9004761904761904,2.9995238095238097,0.6552894900837483,1.9752380952380955,1.9247619047619045,0.8185374824986037,2.8271428571428574,1.0728571428571425,0.721260067499423,3.182380952380953,0.7176190476190469,0.6676106477272844,34825519831.2788,-0.5293944514892573,11784187253.6333,0.7300229069503474,90.24550000965358,0.5905999374336017,4.9,0.26712306021435644,2.8,0.29187999122436364
20,SALEM,2011-09,3.9,Improvements_Additions for Apartments_Coops,0.14525181818181823,3.7547481818181816,0.05958662783351882,0.1884,3.7116,0.05905122032868824,0.23085045454545455,3.6691495454545455,0.05939369175108205,0.2845913636363636,3.6154086363636364,0.05412018919704202,0.3502268181818181,3.549773181818182,0.04103644513311861,0.5222018181818182,3.3777981818181817,0.031919102852467754,0.8332045454545454,3.0667954545454545,0.08100765274789541,0.005714285714285713,3.894285714285714,0.07267233236866538,0.04333333333333335,3.8566666666666665,0.0882950524027523,0.10476190476190479,3.795238095238095,0.12201849779144722,0.9004761904761904,2.9995238095238097,0.6552894900837483,1.9752380952380955,1.9247619047619045,0.8185374824986037,2.8271428571428574,1.0728571428571425,0.721260067499423,3.182380952380953,0.7176190476190469,0.6676106477272844,34825519831.2788,-0.5293944514892573,11784187253.6333,0.7300229069503474,90.24550000965358,0.5905999374336017,2.1,0.26712306021435644,3.4,0.29187999122436364
21,SALEM,2011-09,3.9,Improvements_Additions for Apartments_Coops,0.14525181818181823,3.7547481818181816,0.05958662783351882,0.1884,3.7116,0.05905122032868824,0.23085045454545455,3.6691495454545455,0.05939369175108205,0.2845913636363636,3.6154086363636364,0.05412018919704202,0.3502268181818181,3.549773181818182,0.04103644513311861,0.5222018181818182,3.3777981818181817,0.031919102852467754,0.8332045454545454,3.0667954545454545,0.08100765274789541,0.005714285714285713,3.894285714285714,0.07267233236866538,0.04333333333333335,3.8566666666666665,0.0882950524027523,0.10476190476190479,3.795238095238095,0.12201849779144722,0.9004761904761904,2.9995238095238097,0.6552894900837483,1.9752380952380955,1.9247619047619045,0.8185374824986037,2.8271428571428574,1.0728571428571425,0.721260067499423,3.182380952380953,0.7176190476190469,0.6676106477272844,34825519831.2788,-0.5293944514892573,11784187253.6333,0.7300229069503474,90.24550000965358,0.5905999374336017,2.1,0.26712306021435644,3.5,0.29187999122436364
22,SALEM,2011-09,3.9,Improvements_Additions for Apartments_Coops,0.14525181818181823,3.7547481818181816,0.05958662783351882,0.1884,3.7116,0.05905122032868824,0.23085045454545455,3.6691495454545455,0.05939369175108205,0.2845913636363636,3.6154086363636364,0.05412018919704202,0.3502268181818181,3.549773181818182,0.04103644513311861,0.5222018181818182,3.3777981818181817,0.031919102852467754,0.8332045454545454,3.0667954545454545,0.08100765274789541,0.005714285714285713,3.894285714285714,0.07267233236866538,0.04333333333333335,3.8566666666666665,0.0882950524027523,0.10476190476190479,3.795238095238095,0.12201849779144722,0.9004761904761904,2.9995238095238097,0.6552894900837483,1.9752380952380955,1.9247619047619045,0.8185374824986037,2.8271428571428574,1.0728571428571425,0.721260067499423,3.182380952380953,0.7176190476190469,0.6676106477272844,34825519831.2788,-0.5293944514892573,11784187253.6333,0.7300229069503474,90.24550000965358,0.5905999374336017,2.1,0.26712306021435644,2.8,0.29187999122436364
23,SALEM,2011-09,3.9,Improvements_Additions for Apartments_Coops,0.14525181818181823,3.7547481818181816,0.05958662783351882,0.1884,3.7116,0.05905122032868824,0.23085045454545455,3.6691495454545455,0.05939369175108205,0.2845913636363636,3.6154086363636364,0.05412018919704202,0.3502268181818181,3.549773181818182,0.04103644513311861,0.5222018181818182,3.3777981818181817,0.031919102852467754,0.8332045454545454,3.0667954545454545,0.08100765274789541,0.005714285714285713,3.894285714285714,0.07267233236866538,0.04333333333333335,3.8566666666666665,0.0882950524027523,0.10476190476190479,3.795238095238095,0.12201849779144722,0.9004761904761904,2.9995238095238097,0.6552894900837483,1.9752380952380955,1.9247619047619045,0.8185374824986037,2.8271428571428574,1.0728571428571425,0.721260067499423,3.182380952380953,0.7176190476190469,0.6676106477272844,34825519831.2788,-0.5293944514892573,11784187253.6333,0.7300229069503474,90.24550000965358,0.5905999374336017,2.1,0.26712306021435644,2.8,0.29187999122436364
24,SALEM,2012-01,3.58,Improvements_Additions for Apartments_Coops,0.14564761904761903,3.4343523809523813,0.05958662783351882,0.2014238095238095,3.3785761904761906,0.05905122032868824,0.28289523809523814,3.297104761904762,0.05939369175108205,0.41424761904761903,3.165752380952381,0.05412018919704202,0.5659000000000001,3.0141,0.04103644513311861,0.7969761904761906,2.7830238095238093,0.031919102852467754,1.1145476190476191,2.4654523809523807,0.08100765274789541,0.0245,3.5555,0.07267233236866538,0.06550000000000003,3.5145,0.0882950524027523,0.11500000000000003,3.465,0.12201849779144722,0.835,2.745,0.6552894900837483,1.9664999999999995,1.6135000000000006,0.8185374824986037,2.6950000000000003,0.8849999999999998,0.721260067499423,3.026,0.5540000000000003,0.6676106477272844,35767585536.868996,-0.5293944514892573,11251067892.2966,0.7300229069503474,91.3646878868074,0.5905999374336017,4.2,0.26712306021435644,3.4,0.29187999122436364
25,SALEM,2012-01,3.58,Improvements_Additions for Apartments_Coops,0.14564761904761903,3.4343523809523813,0.05958662783351882,0.2014238095238095,3.3785761904761906,0.05905122032868824,0.28289523809523814,3.297104761904762,0.05939369175108205,0.41424761904761903,3.165752380952381,0.05412018919704202,0.5659000000000001,3.0141,0.04103644513311861,0.7969761904761906,2.7830238095238093,0.031919102852467754,1.1145476190476191,2.4654523809523807,0.08100765274789541,0.0245,3.5555,0.07267233236866538,0.06550000000000003,3.5145,0.0882950524027523,0.11500000000000003,3.465,0.12201849779144722,0.835,2.745,0.6552894900837483,1.9664999999999995,1.6135000000000006,0.8185374824986037,2.6950000000000003,0.8849999999999998,0.721260067499423,3.026,0.5540000000000003,0.6676106477272844,35767585536.868996,-0.5293944514892573,11251067892.2966,0.7300229069503474,91.3646878868074,0.5905999374336017,4.2,0.26712306021435644,3.6,0.29187999122436364
26,SALEM,2012-01,3.58,Improvements_Additions for Apartments_Coops,0.14564761904761903,3.4343523809523813,0.05958662783351882,0.2014238095238095,3.3785761904761906,0.05905122032868824,0.28289523809523814,3.297104761904762,0.05939369175108205,0.41424761904761903,3.165752380952381,0.05412018919704202,0.5659000000000001,3.0141,0.04103644513311861,0.7969761904761906,2.7830238095238093,0.031919102852467754,1.1145476190476191,2.4654523809523807,0.08100765274789541,0.0245,3.5555,0.07267233236866538,0.06550000000000003,3.5145,0.0882950524027523,0.11500000000000003,3.465,0.12201849779144722,0.835,2.745,0.6552894900837483,1.9664999999999995,1.6135000000000006,0.8185374824986037,2.6950000000000003,0.8849999999999998,0.721260067499423,3.026,0.5540000000000003,0.6676106477272844,35767585536.868996,-0.5293944514892573,11251067892.2966,0.7300229069503474,91.3646878868074,0.5905999374336017,4.2,0.26712306021435644,3.3,0.29187999122436364
27,SALEM,2012-01,3.58,Improvements_Additions for Apartments_Coops,0.14564761904761903,3.4343523809523813,0.05958662783351882,0.2014238095238095,3.3785761904761906,0.05905122032868824,0.28289523809523814,3.297104761904762,0.05939369175108205,0.41424761904761903,3.165752380952381,0.05412018919704202,0.5659000000000001,3.0141,0.04103644513311861,0.7969761904761906,2.7830238095238093,0.031919102852467754,1.1145476190476191,2.4654523809523807,0.08100765274789541,0.0245,3.5555,0.07267233236866538,0.06550000000000003,3.5145,0.0882950524027523,0.11500000000000003,3.465,0.12201849779144722,0.835,2.745,0.6552894900837483,1.9664999999999995,1.6135000000000006,0.8185374824986037,2.6950000000000003,0.8849999999999998,0.721260067499423,3.026,0.5540000000000003,0.6676106477272844,35767585536.868996,-0.5293944514892573,11251067892.2966,0.7300229069503474,91.3646878868074,0.5905999374336017,4.2,0.26712306021435644,3.3,0.29187999122436364
28,SALEM,2012-01,3.58,Improvements_Additions for Apartments_Coops,0.14564761904761903,3.4343523809523813,0.05958662783351882,0.2014238095238095,3.3785761904761906,0.05905122032868824,0.28289523809523814,3.297104761904762,0.05939369175108205,0.41424761904761903,3.165752380952381,0.05412018919704202,0.5659000000000001,3.0141,0.04103644513311861,0.7969761904761906,2.7830238095238093,0.031919102852467754,1.1145476190476191,2.4654523809523807,0.08100765274789541,0.0245,3.5555,0.07267233236866538,0.06550000000000003,3.5145,0.0882950524027523,0.11500000000000003,3.465,0.12201849779144722,0.835,2.745,0.6552894900837483,1.9664999999999995,1.6135000000000006,0.8185374824986037,2.6950000000000003,0.8849999999999998,0.721260067499423,3.026,0.5540000000000003,0.6676106477272844,35767585536.868996,-0.5293944514892573,11251067892.2966,0.7300229069503474,91.3646878868074,0.5905999374336017,2.2,0.26712306021435644,3.4,0.29187999122436364
29,SALEM,2012-01,3.58,Improvements_Additions for Apartments_Coops,0.14564761904761903,3.4343523809523813,0.05958662783351882,0.2014238095238095,3.3785761904761906,0.05905122032868824,0.28289523809523814,3.297104761904762,0.05939369175108205,0.41424761904761903,3.165752380952381,0.05412018919704202,0.5659000000000001,3.0141,0.04103644513311861,0.7969761904761906,2.7830238095238093,0.031919102852467754,1.1145476190476191,2.4654523809523807,0.08100765274789541,0.0245,3.5555,0.07267233236866538,0.06550000000000003,3.5145,0.0882950524027523,0.11500000000000003,3.465,0.12201849779144722,0.835,2.745,0.6552894900837483,1.9664999999999995,1.6135000000000006,0.8185374824986037,2.6950000000000003,0.8849999999999998,0.721260067499423,3.026,0.5540000000000003,0.6676106477272844,35767585536.868996,-0.5293944514892573,11251067892.2966,0.7300229069503474,91.3646878868074,0.5905999374336017,2.2,0.26712306021435644,3.6,0.29187999122436364
30,SALEM,2012-01,3.58,Improvements_Additions for Apartments_Coops,0.14564761904761903,3.4343523809523813,0.05958662783351882,0.2014238095238095,3.3785761904761906,0.05905122032868824,0.28289523809523814,3.297104761904762,0.05939369175108205,0.41424761904761903,3.165752380952381,0.05412018919704202,0.5659000000000001,3.0141,0.04103644513311861,0.7969761904761906,2.7830238095238093,0.031919102852467754,1.1145476190476191,2.4654523809523807,0.08100765274789541,0.0245,3.5555,0.07267233236866538,0.06550000000000003,3.5145,0.0882950524027523,0.11500000000000003,3.465,0.12201849779144722,0.835,2.745,0.6552894900837483,1.9664999999999995,1.6135000000000006,0.8185374824986037,2.6950000000000003,0.8849999999999998,0.721260067499423,3.026,0.5540000000000003,0.6676106477272844,35767585536.868996,-0.5293944514892573,11251067892.2966,0.7300229069503474,91.3646878868074,0.5905999374336017,2.2,0.26712306021435644,3.3,0.29187999122436364
31,SALEM,2012-01,3.58,Improvements_Additions for Apartments_Coops,0.14564761904761903,3.4343523809523813,0.05958662783351882,0.2014238095238095,3.3785761904761906,0.05905122032868824,0.28289523809523814,3.297104761904762,0.05939369175108205,0.41424761904761903,3.165752380952381,0.05412018919704202,0.5659000000000001,3.0141,0.04103644513311861,0.7969761904761906,2.7830238095238093,0.031919102852467754,1.1145476190476191,2.4654523809523807,0.08100765274789541,0.0245,3.5555,0.07267233236866538,0.06550000000000003,3.5145,0.0882950524027523,0.11500000000000003,3.465,0.12201849779144722,0.835,2.745,0.6552894900837483,1.9664999999999995,1.6135000000000006,0.8185374824986037,2.6950000000000003,0.8849999999999998,0.721260067499423,3.026,0.5540000000000003,0.6676106477272844,35767585536.868996,-0.5293944514892573,11251067892.2966,0.7300229069503474,91.3646878868074,0.5905999374336017,2.2,0.26712306021435644,3.3,0.29187999122436364
32,SALEM,2012-10,2.75,Improvements_Additions for Apartments_Coops,0.15320434782608702,2.596795652173913,0.05958662783351882,0.17955217391304346,2.5704478260869568,0.05905122032868824,0.21346521739130433,2.5365347826086957,0.05939369175108205,0.2717391304347827,2.4782608695652173,0.05412018919704202,0.3304891304347827,2.4195108695652174,0.04103644513311861,0.5823021739130435,2.1676978260869566,0.031919102852467754,0.9185760869565219,1.8314239130434782,0.08100765274789541,0.10952380952380951,2.6404761904761904,0.07267233236866538,0.14904761904761904,2.600952380952381,0.0882950524027523,0.17952380952380956,2.5704761904761906,0.12201849779144722,0.7085714285714285,2.0414285714285714,0.6552894900837483,1.7461904761904758,1.0038095238095242,0.8185374824986037,2.505714285714286,0.24428571428571422,0.721260067499423,2.90047619047619,-0.1504761904761902,0.6676106477272844,38808856509.5085,-0.5293944514892573,11337096053.4966,0.7300229069503474,89.02745876405929,0.5905999374336017,4.2,0.26712306021435644,3.2,0.29187999122436364
33,SALEM,2012-10,2.75,Improvements_Additions for Apartments_Coops,0.15320434782608702,2.596795652173913,0.05958662783351882,0.17955217391304346,2.5704478260869568,0.05905122032868824,0.21346521739130433,2.5365347826086957,0.05939369175108205,0.2717391304347827,2.4782608695652173,0.05412018919704202,0.3304891304347827,2.4195108695652174,0.04103644513311861,0.5823021739130435,2.1676978260869566,0.031919102852467754,0.9185760869565219,1.8314239130434782,0.08100765274789541,0.10952380952380951,2.6404761904761904,0.07267233236866538,0.14904761904761904,2.600952380952381,0.0882950524027523,0.17952380952380956,2.5704761904761906,0.12201849779144722,0.7085714285714285,2.0414285714285714,0.6552894900837483,1.7461904761904758,1.0038095238095242,0.8185374824986037,2.505714285714286,0.24428571428571422,0.721260067499423,2.90047619047619,-0.1504761904761902,0.6676106477272844,38808856509.5085,-0.5293944514892573,11337096053.4966,0.7300229069503474,89.02745876405929,0.5905999374336017,4.2,0.26712306021435644,3.2,0.29187999122436364
34,SALEM,2012-10,2.75,Improvements_Additions for Apartments_Coops,0.15320434782608702,2.596795652173913,0.05958662783351882,0.17955217391304346,2.5704478260869568,0.05905122032868824,0.21346521739130433,2.5365347826086957,0.05939369175108205,0.2717391304347827,2.4782608695652173,0.05412018919704202,0.3304891304347827,2.4195108695652174,0.04103644513311861,0.5823021739130435,2.1676978260869566,0.031919102852467754,0.9185760869565219,1.8314239130434782,0.08100765274789541,0.10952380952380951,2.6404761904761904,0.07267233236866538,0.14904761904761904,2.600952380952381,0.0882950524027523,0.17952380952380956,2.5704761904761906,0.12201849779144722,0.7085714285714285,2.0414285714285714,0.6552894900837483,1.7461904761904758,1.0038095238095242,0.8185374824986037,2.505714285714286,0.24428571428571422,0.721260067499423,2.90047619047619,-0.1504761904761902,0.6676106477272844,38808856509.5085,-0.5293944514892573,11337096053.4966,0.7300229069503474,89.02745876405929,0.5905999374336017,4.2,0.26712306021435644,3.5,0.29187999122436364
35,SALEM,2012-10,2.75,Improvements_Additions for Apartments_Coops,0.15320434782608702,2.596795652173913,0.05958662783351882,0.17955217391304346,2.5704478260869568,0.05905122032868824,0.21346521739130433,2.5365347826086957,0.05939369175108205,0.2717391304347827,2.4782608695652173,0.05412018919704202,0.3304891304347827,2.4195108695652174,0.04103644513311861,0.5823021739130435,2.1676978260869566,0.031919102852467754,0.9185760869565219,1.8314239130434782,0.08100765274789541,0.10952380952380951,2.6404761904761904,0.07267233236866538,0.14904761904761904,2.600952380952381,0.0882950524027523,0.17952380952380956,2.5704761904761906,0.12201849779144722,0.7085714285714285,2.0414285714285714,0.6552894900837483,1.7461904761904758,1.0038095238095242,0.8185374824986037,2.505714285714286,0.24428571428571422,0.721260067499423,2.90047619047619,-0.1504761904761902,0.6676106477272844,38808856509.5085,-0.5293944514892573,11337096053.4966,0.7300229069503474,89.02745876405929,0.5905999374336017,4.2,0.26712306021435644,3.5,0.29187999122436364
36,SALEM,2012-10,2.75,Improvements_Additions for Apartments_Coops,0.15320434782608702,2.596795652173913,0.05958662783351882,0.17955217391304346,2.5704478260869568,0.05905122032868824,0.21346521739130433,2.5365347826086957,0.05939369175108205,0.2717391304347827,2.4782608695652173,0.05412018919704202,0.3304891304347827,2.4195108695652174,0.04103644513311861,0.5823021739130435,2.1676978260869566,0.031919102852467754,0.9185760869565219,1.8314239130434782,0.08100765274789541,0.10952380952380951,2.6404761904761904,0.07267233236866538,0.14904761904761904,2.600952380952381,0.0882950524027523,0.17952380952380956,2.5704761904761906,0.12201849779144722,0.7085714285714285,2.0414285714285714,0.6552894900837483,1.7461904761904758,1.0038095238095242,0.8185374824986037,2.505714285714286,0.24428571428571422,0.721260067499423,2.90047619047619,-0.1504761904761902,0.6676106477272844,38808856509.5085,-0.5293944514892573,11337096053.4966,0.7300229069503474,89.02745876405929,0.5905999374336017,2.2,0.26712306021435644,3.2,0.29187999122436364
37,SALEM,2012-10,2.75,Improvements_Additions for Apartments_Coops,0.15320434782608702,2.596795652173913,0.05958662783351882,0.17955217391304346,2.5704478260869568,0.05905122032868824,0.21346521739130433,2.5365347826086957,0.05939369175108205,0.2717391304347827,2.4782608695652173,0.05412018919704202,0.3304891304347827,2.4195108695652174,0.04103644513311861,0.5823021739130435,2.1676978260869566,0.031919102852467754,0.9185760869565219,1.8314239130434782,0.08100765274789541,0.10952380952380951,2.6404761904761904,0.07267233236866538,0.14904761904761904,2.600952380952381,0.0882950524027523,0.17952380952380956,2.5704761904761906,0.12201849779144722,0.7085714285714285,2.0414285714285714,0.6552894900837483,1.7461904761904758,1.0038095238095242,0.8185374824986037,2.505714285714286,0.24428571428571422,0.721260067499423,2.90047619047619,-0.1504761904761902,0.6676106477272844,38808856509.5085,-0.5293944514892573,11337096053.4966,0.7300229069503474,89.02745876405929,0.5905999374336017,2.2,0.26712306021435644,3.2,0.29187999122436364
38,SALEM,2012-10,2.75,Improvements_Additions for Apartments_Coops,0.15320434782608702,2.596795652173913,0.05958662783351882,0.17955217391304346,2.5704478260869568,0.05905122032868824,0.21346521739130433,2.5365347826086957,0.05939369175108205,0.2717391304347827,2.4782608695652173,0.05412018919704202,0.3304891304347827,2.4195108695652174,0.04103644513311861,0.5823021739130435,2.1676978260869566,0.031919102852467754,0.9185760869565219,1.8314239130434782,0.08100765274789541,0.10952380952380951,2.6404761904761904,0.07267233236866538,0.14904761904761904,2.600952380952381,0.0882950524027523,0.17952380952380956,2.5704761904761906,0.12201849779144722,0.7085714285714285,2.0414285714285714,0.6552894900837483,1.7461904761904758,1.0038095238095242,0.8185374824986037,2.505714285714286,0.24428571428571422,0.721260067499423,2.90047619047619,-0.1504761904761902,0.6676106477272844,38808856509.5085,-0.5293944514892573,11337096053.4966,0.7300229069503474,89.02745876405929,0.5905999374336017,2.2,0.26712306021435644,3.5,0.29187999122436364
39,SALEM,2012-10,2.75,Improvements_Additions for Apartments_Coops,0.15320434782608702,2.596795652173913,0.05958662783351882,0.17955217391304346,2.5704478260869568,0.05905122032868824,0.21346521739130433,2.5365347826086957,0.05939369175108205,0.2717391304347827,2.4782608695652173,0.05412018919704202,0.3304891304347827,2.4195108695652174,0.04103644513311861,0.5823021739130435,2.1676978260869566,0.031919102852467754,0.9185760869565219,1.8314239130434782,0.08100765274789541,0.10952380952380951,2.6404761904761904,0.07267233236866538,0.14904761904761904,2.600952380952381,0.0882950524027523,0.17952380952380956,2.5704761904761906,0.12201849779144722,0.7085714285714285,2.0414285714285714,0.6552894900837483,1.7461904761904758,1.0038095238095242,0.8185374824986037,2.505714285714286,0.24428571428571422,0.721260067499423,2.90047619047619,-0.1504761904761902,0.6676106477272844,38808856509.5085,-0.5293944514892573,11337096053.4966,0.7300229069503474,89.02745876405929,0.5905999374336017,2.2,0.26712306021435644,3.5,0.29187999122436364
40,SALEM,2014-02,4.09,Improvements_Additions for Apartments_Coops,0.08627,4.00373,0.05958662783351882,0.11939250000000004,3.9706075,0.05905122032868824,0.155105,3.934895,0.05939369175108205,0.19663749999999997,3.8933625,0.05412018919704202,0.23520249999999998,3.8547975,0.04103644513311861,0.3308,3.7592,0.031919102852467754,0.554605,3.535395,0.08100765274789541,0.046842105263157914,4.043157894736842,0.07267233236866538,0.08105263157894738,4.008947368421053,0.0882950524027523,0.11684210526315793,3.973157894736842,0.12201849779144722,1.5157894736842106,2.574210526315789,0.6552894900837483,2.7094736842105265,1.3805263157894734,0.8185374824986037,3.3847368421052626,0.7052631578947373,0.721260067499423,3.6626315789473685,0.4273684210526314,0.6676106477272844,44109559396.2995,-0.5293944514892573,11032404366.8063,0.7300229069503474,88.4263020205016,0.5905999374336017,3.4,0.26712306021435644,2.3,0.29187999122436364
41,SALEM,2014-02,4.09,Improvements_Additions for Apartments_Coops,0.08627,4.00373,0.05958662783351882,0.11939250000000004,3.9706075,0.05905122032868824,0.155105,3.934895,0.05939369175108205,0.19663749999999997,3.8933625,0.05412018919704202,0.23520249999999998,3.8547975,0.04103644513311861,0.3308,3.7592,0.031919102852467754,0.554605,3.535395,0.08100765274789541,0.046842105263157914,4.043157894736842,0.07267233236866538,0.08105263157894738,4.008947368421053,0.0882950524027523,0.11684210526315793,3.973157894736842,0.12201849779144722,1.5157894736842106,2.574210526315789,0.6552894900837483,2.7094736842105265,1.3805263157894734,0.8185374824986037,3.3847368421052626,0.7052631578947373,0.721260067499423,3.6626315789473685,0.4273684210526314,0.6676106477272844,44109559396.2995,-0.5293944514892573,11032404366.8063,0.7300229069503474,88.4263020205016,0.5905999374336017,3.4,0.26712306021435644,2.5,0.29187999122436364
42,SALEM,2014-02,4.09,Improvements_Additions for Apartments_Coops,0.08627,4.00373,0.05958662783351882,0.11939250000000004,3.9706075,0.05905122032868824,0.155105,3.934895,0.05939369175108205,0.19663749999999997,3.8933625,0.05412018919704202,0.23520249999999998,3.8547975,0.04103644513311861,0.3308,3.7592,0.031919102852467754,0.554605,3.535395,0.08100765274789541,0.046842105263157914,4.043157894736842,0.07267233236866538,0.08105263157894738,4.008947368421053,0.0882950524027523,0.11684210526315793,3.973157894736842,0.12201849779144722,1.5157894736842106,2.574210526315789,0.6552894900837483,2.7094736842105265,1.3805263157894734,0.8185374824986037,3.3847368421052626,0.7052631578947373,0.721260067499423,3.6626315789473685,0.4273684210526314,0.6676106477272844,44109559396.2995,-0.5293944514892573,11032404366.8063,0.7300229069503474,88.4263020205016,0.5905999374336017,3.4,0.26712306021435644,2.8,0.29187999122436364
43,SALEM,2014-02,4.09,Improvements_Additions for Apartments_Coops,0.08627,4.00373,0.05958662783351882,0.11939250000000004,3.9706075,0.05905122032868824,0.155105,3.934895,0.05939369175108205,0.19663749999999997,3.8933625,0.05412018919704202,0.23520249999999998,3.8547975,0.04103644513311861,0.3308,3.7592,0.031919102852467754,0.554605,3.535395,0.08100765274789541,0.046842105263157914,4.043157894736842,0.07267233236866538,0.08105263157894738,4.008947368421053,0.0882950524027523,0.11684210526315793,3.973157894736842,0.12201849779144722,1.5157894736842106,2.574210526315789,0.6552894900837483,2.7094736842105265,1.3805263157894734,0.8185374824986037,3.3847368421052626,0.7052631578947373,0.721260067499423,3.6626315789473685,0.4273684210526314,0.6676106477272844,44109559396.2995,-0.5293944514892573,11032404366.8063,0.7300229069503474,88.4263020205016,0.5905999374336017,3.4,0.26712306021435644,2.6,0.29187999122436364
44,SALEM,2014-02,4.09,Improvements_Additions for Apartments_Coops,0.08627,4.00373,0.05958662783351882,0.11939250000000004,3.9706075,0.05905122032868824,0.155105,3.934895,0.05939369175108205,0.19663749999999997,3.8933625,0.05412018919704202,0.23520249999999998,3.8547975,0.04103644513311861,0.3308,3.7592,0.031919102852467754,0.554605,3.535395,0.08100765274789541,0.046842105263157914,4.043157894736842,0.07267233236866538,0.08105263157894738,4.008947368421053,0.0882950524027523,0.11684210526315793,3.973157894736842,0.12201849779144722,1.5157894736842106,2.574210526315789,0.6552894900837483,2.7094736842105265,1.3805263157894734,0.8185374824986037,3.3847368421052626,0.7052631578947373,0.721260067499423,3.6626315789473685,0.4273684210526314,0.6676106477272844,44109559396.2995,-0.5293944514892573,11032404366.8063,0.7300229069503474,88.4263020205016,0.5905999374336017,1.5,0.26712306021435644,2.3,0.29187999122436364
45,SALEM,2014-02,4.09,Improvements_Additions for Apartments_Coops,0.08627,4.00373,0.05958662783351882,0.11939250000000004,3.9706075,0.05905122032868824,0.155105,3.934895,0.05939369175108205,0.19663749999999997,3.8933625,0.05412018919704202,0.23520249999999998,3.8547975,0.04103644513311861,0.3308,3.7592,0.031919102852467754,0.554605,3.535395,0.08100765274789541,0.046842105263157914,4.043157894736842,0.07267233236866538,0.08105263157894738,4.008947368421053,0.0882950524027523,0.11684210526315793,3.973157894736842,0.12201849779144722,1.5157894736842106,2.574210526315789,0.6552894900837483,2.7094736842105265,1.3805263157894734,0.8185374824986037,3.3847368421052626,0.7052631578947373,0.721260067499423,3.6626315789473685,0.4273684210526314,0.6676106477272844,44109559396.2995,-0.5293944514892573,11032404366.8063,0.7300229069503474,88.4263020205016,0.5905999374336017,1.5,0.26712306021435644,2.5,0.29187999122436364
46,SALEM,2014-02,4.09,Improvements_Additions for Apartments_Coops,0.08627,4.00373,0.05958662783351882,0.11939250000000004,3.9706075,0.05905122032868824,0.155105,3.934895,0.05939369175108205,0.19663749999999997,3.8933625,0.05412018919704202,0.23520249999999998,3.8547975,0.04103644513311861,0.3308,3.7592,0.031919102852467754,0.554605,3.535395,0.08100765274789541,0.046842105263157914,4.043157894736842,0.07267233236866538,0.08105263157894738,4.008947368421053,0.0882950524027523,0.11684210526315793,3.973157894736842,0.12201849779144722,1.5157894736842106,2.574210526315789,0.6552894900837483,2.7094736842105265,1.3805263157894734,0.8185374824986037,3.3847368421052626,0.7052631578947373,0.721260067499423,3.6626315789473685,0.4273684210526314,0.6676106477272844,44109559396.2995,-0.5293944514892573,11032404366.8063,0.7300229069503474,88.4263020205016,0.5905999374336017,1.5,0.26712306021435644,2.8,0.29187999122436364
47,SALEM,2014-02,4.09,Improvements_Additions for Apartments_Coops,0.08627,4.00373,0.05958662783351882,0.11939250000000004,3.9706075,0.05905122032868824,0.155105,3.934895,0.05939369175108205,0.19663749999999997,3.8933625,0.05412018919704202,0.23520249999999998,3.8547975,0.04103644513311861,0.3308,3.7592,0.031919102852467754,0.554605,3.535395,0.08100765274789541,0.046842105263157914,4.043157894736842,0.07267233236866538,0.08105263157894738,4.008947368421053,0.0882950524027523,0.11684210526315793,3.973157894736842,0.12201849779144722,1.5157894736842106,2.574210526315789,0.6552894900837483,2.7094736842105265,1.3805263157894734,0.8185374824986037,3.3847368421052626,0.7052631578947373,0.721260067499423,3.6626315789473685,0.4273684210526314,0.6676106477272844,44109559396.2995,-0.5293944514892573,11032404366.8063,0.7300229069503474,88.4263020205016,0.5905999374336017,1.5,0.26712306021435644,2.6,0.29187999122436364
48,SALEM,2015-08,4.15,Improvements_Additions for Apartments_Coops,0.13010000000000005,4.019900000000001,0.05958662783351882,0.151965,3.9980350000000002,0.05905122032868824,0.1967275,3.9532725,0.05939369175108205,0.2610100000000001,3.88899,0.05412018919704202,0.3207975,3.8292025000000005,0.04103644513311861,0.5193599999999999,3.6306400000000005,0.031919102852467754,0.8364375,3.3135625000000006,0.08100765274789541,0.03523809523809525,4.114761904761905,0.07267233236866538,0.22000000000000006,3.93,0.0882950524027523,0.3757142857142857,3.7742857142857145,0.12201849779144722,1.5414285714285714,2.608571428571429,0.6552894900837483,2.167142857142857,1.9828571428571435,0.8185374824986037,2.5466666666666664,1.603333333333334,0.721260067499423,2.8557142857142854,1.294285714285715,0.6676106477272844,48752987466.2114,-0.5293944514892573,11758109185.709,0.7300229069503474,83.34061286074021,0.5905999374336017,3.5,0.26712306021435644,1.4,0.29187999122436364
49,SALEM,2015-08,4.15,Improvements_Additions for Apartments_Coops,0.13010000000000005,4.019900000000001,0.05958662783351882,0.151965,3.9980350000000002,0.05905122032868824,0.1967275,3.9532725,0.05939369175108205,0.2610100000000001,3.88899,0.05412018919704202,0.3207975,3.8292025000000005,0.04103644513311861,0.5193599999999999,3.6306400000000005,0.031919102852467754,0.8364375,3.3135625000000006,0.08100765274789541,0.03523809523809525,4.114761904761905,0.07267233236866538,0.22000000000000006,3.93,0.0882950524027523,0.3757142857142857,3.7742857142857145,0.12201849779144722,1.5414285714285714,2.608571428571429,0.6552894900837483,2.167142857142857,1.9828571428571435,0.8185374824986037,2.5466666666666664,1.603333333333334,0.721260067499423,2.8557142857142854,1.294285714285715,0.6676106477272844,48752987466.2114,-0.5293944514892573,11758109185.709,0.7300229069503474,83.34061286074021,0.5905999374336017,3.5,0.26712306021435644,1.6,0.29187999122436364
50,SALEM,2015-08,4.15,Improvements_Additions for Apartments_Coops,0.13010000000000005,4.019900000000001,0.05958662783351882,0.151965,3.9980350000000002,0.05905122032868824,0.1967275,3.9532725,0.05939369175108205,0.2610100000000001,3.88899,0.05412018919704202,0.3207975,3.8292025000000005,0.04103644513311861,0.5193599999999999,3.6306400000000005,0.031919102852467754,0.8364375,3.3135625000000006,0.08100765274789541,0.03523809523809525,4.114761904761905,0.07267233236866538,0.22000000000000006,3.93,0.0882950524027523,0.3757142857142857,3.7742857142857145,0.12201849779144722,1.5414285714285714,2.608571428571429,0.6552894900837483,2.167142857142857,1.9828571428571435,0.8185374824986037,2.5466666666666664,1.603333333333334,0.721260067499423,2.8557142857142854,1.294285714285715,0.6676106477272844,48752987466.2114,-0.5293944514892573,11758109185.709,0.7300229069503474,83.34061286074021,0.5905999374336017,3.5,0.26712306021435644,1.7,0.29187999122436364
51,SALEM,2015-08,4.15,Improvements_Additions for Apartments_Coops,0.13010000000000005,4.019900000000001,0.05958662783351882,0.151965,3.9980350000000002,0.05905122032868824,0.1967275,3.9532725,0.05939369175108205,0.2610100000000001,3.88899,0.05412018919704202,0.3207975,3.8292025000000005,0.04103644513311861,0.5193599999999999,3.6306400000000005,0.031919102852467754,0.8364375,3.3135625000000006,0.08100765274789541,0.03523809523809525,4.114761904761905,0.07267233236866538,0.22000000000000006,3.93,0.0882950524027523,0.3757142857142857,3.7742857142857145,0.12201849779144722,1.5414285714285714,2.608571428571429,0.6552894900837483,2.167142857142857,1.9828571428571435,0.8185374824986037,2.5466666666666664,1.603333333333334,0.721260067499423,2.8557142857142854,1.294285714285715,0.6676106477272844,48752987466.2114,-0.5293944514892573,11758109185.709,0.7300229069503474,83.34061286074021,0.5905999374336017,3.5,0.26712306021435644,1.7,0.29187999122436364
52,SALEM,2015-08,4.15,Improvements_Additions for Apartments_Coops,0.13010000000000005,4.019900000000001,0.05958662783351882,0.151965,3.9980350000000002,0.05905122032868824,0.1967275,3.9532725,0.05939369175108205,0.2610100000000001,3.88899,0.05412018919704202,0.3207975,3.8292025000000005,0.04103644513311861,0.5193599999999999,3.6306400000000005,0.031919102852467754,0.8364375,3.3135625000000006,0.08100765274789541,0.03523809523809525,4.114761904761905,0.07267233236866538,0.22000000000000006,3.93,0.0882950524027523,0.3757142857142857,3.7742857142857145,0.12201849779144722,1.5414285714285714,2.608571428571429,0.6552894900837483,2.167142857142857,1.9828571428571435,0.8185374824986037,2.5466666666666664,1.603333333333334,0.721260067499423,2.8557142857142854,1.294285714285715,0.6676106477272844,48752987466.2114,-0.5293944514892573,11758109185.709,0.7300229069503474,83.34061286074021,0.5905999374336017,1.3,0.26712306021435644,1.4,0.29187999122436364
53,SALEM,2015-08,4.15,Improvements_Additions for Apartments_Coops,0.13010000000000005,4.019900000000001,0.05958662783351882,0.151965,3.9980350000000002,0.05905122032868824,0.1967275,3.9532725,0.05939369175108205,0.2610100000000001,3.88899,0.05412018919704202,0.3207975,3.8292025000000005,0.04103644513311861,0.5193599999999999,3.6306400000000005,0.031919102852467754,0.8364375,3.3135625000000006,0.08100765274789541,0.03523809523809525,4.114761904761905,0.07267233236866538,0.22000000000000006,3.93,0.0882950524027523,0.3757142857142857,3.7742857142857145,0.12201849779144722,1.5414285714285714,2.608571428571429,0.6552894900837483,2.167142857142857,1.9828571428571435,0.8185374824986037,2.5466666666666664,1.603333333333334,0.721260067499423,2.8557142857142854,1.294285714285715,0.6676106477272844,48752987466.2114,-0.5293944514892573,11758109185.709,0.7300229069503474,83.34061286074021,0.5905999374336017,1.3,0.26712306021435644,1.6,0.29187999122436364
54,SALEM,2015-08,4.15,Improvements_Additions for Apartments_Coops,0.13010000000000005,4.019900000000001,0.05958662783351882,0.151965,3.9980350000000002,0.05905122032868824,0.1967275,3.9532725,0.05939369175108205,0.2610100000000001,3.88899,0.05412018919704202,0.3207975,3.8292025000000005,0.04103644513311861,0.5193599999999999,3.6306400000000005,0.031919102852467754,0.8364375,3.3135625000000006,0.08100765274789541,0.03523809523809525,4.114761904761905,0.07267233236866538,0.22000000000000006,3.93,0.0882950524027523,0.3757142857142857,3.7742857142857145,0.12201849779144722,1.5414285714285714,2.608571428571429,0.6552894900837483,2.167142857142857,1.9828571428571435,0.8185374824986037,2.5466666666666664,1.603333333333334,0.721260067499423,2.8557142857142854,1.294285714285715,0.6676106477272844,48752987466.2114,-0.5293944514892573,11758109185.709,0.7300229069503474,83.34061286074021,0.5905999374336017,1.3,0.26712306021435644,1.7,0.29187999122436364
55,SALEM,2015-08,4.15,Improvements_Additions for Apartments_Coops,0.13010000000000005,4.019900000000001,0.05958662783351882,0.151965,3.9980350000000002,0.05905122032868824,0.1967275,3.9532725,0.05939369175108205,0.2610100000000001,3.88899,0.05412018919704202,0.3207975,3.8292025000000005,0.04103644513311861,0.5193599999999999,3.6306400000000005,0.031919102852467754,0.8364375,3.3135625000000006,0.08100765274789541,0.03523809523809525,4.114761904761905,0.07267233236866538,0.22000000000000006,3.93,0.0882950524027523,0.3757142857142857,3.7742857142857145,0.12201849779144722,1.5414285714285714,2.608571428571429,0.6552894900837483,2.167142857142857,1.9828571428571435,0.8185374824986037,2.5466666666666664,1.603333333333334,0.721260067499423,2.8557142857142854,1.294285714285715,0.6676106477272844,48752987466.2114,-0.5293944514892573,11758109185.709,0.7300229069503474,83.34061286074021,0.5905999374336017,1.3,0.26712306021435644,1.7,0.29187999122436364
56,SALEM,2016-01,3.68,Improvements_Additions for Apartments_Coops,0.36607999999999996,3.3139200000000004,0.05958662783351882,0.387725,3.292275,0.05905122032868824,0.42545,3.25455,0.05939369175108205,0.5163949999999999,3.1636050000000004,0.05412018919704202,0.6195525000000001,3.0604475,0.04103644513311861,0.8560224999999999,2.8239775000000003,0.031919102852467754,1.1534299999999997,2.5265700000000004,0.08100765274789541,0.22736842105263158,3.4526315789473685,0.07267233236866538,0.43473684210526314,3.245263157894737,0.0882950524027523,0.5431578947368422,3.136842105263158,0.12201849779144722,1.5184210526315787,2.1615789473684215,0.6552894900837483,2.085263157894737,1.594736842105263,0.8185374824986037,2.4889473684210524,1.1910526315789478,0.721260067499423,2.8584210526315785,0.8215789473684216,0.6676106477272844,48187387172.2131,-0.5293944514892573,11362184412.0981,0.7300229069503474,82.4529898168143,0.5905999374336017,3.2,0.26712306021435644,1.9,0.29187999122436364
57,SALEM,2016-01,3.68,Improvements_Additions for Apartments_Coops,0.36607999999999996,3.3139200000000004,0.05958662783351882,0.387725,3.292275,0.05905122032868824,0.42545,3.25455,0.05939369175108205,0.5163949999999999,3.1636050000000004,0.05412018919704202,0.6195525000000001,3.0604475,0.04103644513311861,0.8560224999999999,2.8239775000000003,0.031919102852467754,1.1534299999999997,2.5265700000000004,0.08100765274789541,0.22736842105263158,3.4526315789473685,0.07267233236866538,0.43473684210526314,3.245263157894737,0.0882950524027523,0.5431578947368422,3.136842105263158,0.12201849779144722,1.5184210526315787,2.1615789473684215,0.6552894900837483,2.085263157894737,1.594736842105263,0.8185374824986037,2.4889473684210524,1.1910526315789478,0.721260067499423,2.8584210526315785,0.8215789473684216,0.6676106477272844,48187387172.2131,-0.5293944514892573,11362184412.0981,0.7300229069503474,82.4529898168143,0.5905999374336017,3.2,0.26712306021435644,1.9,0.29187999122436364
58,SALEM,2016-01,3.68,Improvements_Additions for Apartments_Coops,0.36607999999999996,3.3139200000000004,0.05958662783351882,0.387725,3.292275,0.05905122032868824,0.42545,3.25455,0.05939369175108205,0.5163949999999999,3.1636050000000004,0.05412018919704202,0.6195525000000001,3.0604475,0.04103644513311861,0.8560224999999999,2.8239775000000003,0.031919102852467754,1.1534299999999997,2.5265700000000004,0.08100765274789541,0.22736842105263158,3.4526315789473685,0.07267233236866538,0.43473684210526314,3.245263157894737,0.0882950524027523,0.5431578947368422,3.136842105263158,0.12201849779144722,1.5184210526315787,2.1615789473684215,0.6552894900837483,2.085263157894737,1.594736842105263,0.8185374824986037,2.4889473684210524,1.1910526315789478,0.721260067499423,2.8584210526315785,0.8215789473684216,0.6676106477272844,48187387172.2131,-0.5293944514892573,11362184412.0981,0.7300229069503474,82.4529898168143,0.5905999374336017,3.2,0.26712306021435644,1.4,0.29187999122436364
59,SALEM,2016-01,3.68,Improvements_Additions for Apartments_Coops,0.36607999999999996,3.3139200000000004,0.05958662783351882,0.387725,3.292275,0.05905122032868824,0.42545,3.25455,0.05939369175108205,0.5163949999999999,3.1636050000000004,0.05412018919704202,0.6195525000000001,3.0604475,0.04103644513311861,0.8560224999999999,2.8239775000000003,0.031919102852467754,1.1534299999999997,2.5265700000000004,0.08100765274789541,0.22736842105263158,3.4526315789473685,0.07267233236866538,0.43473684210526314,3.245263157894737,0.0882950524027523,0.5431578947368422,3.136842105263158,0.12201849779144722,1.5184210526315787,2.1615789473684215,0.6552894900837483,2.085263157894737,1.594736842105263,0.8185374824986037,2.4889473684210524,1.1910526315789478,0.721260067499423,2.8584210526315785,0.8215789473684216,0.6676106477272844,48187387172.2131,-0.5293944514892573,11362184412.0981,0.7300229069503474,82.4529898168143,0.5905999374336017,3.2,0.26712306021435644,1.6,0.29187999122436364
60,SALEM,2016-01,3.68,Improvements_Additions for Apartments_Coops,0.36607999999999996,3.3139200000000004,0.05958662783351882,0.387725,3.292275,0.05905122032868824,0.42545,3.25455,0.05939369175108205,0.5163949999999999,3.1636050000000004,0.05412018919704202,0.6195525000000001,3.0604475,0.04103644513311861,0.8560224999999999,2.8239775000000003,0.031919102852467754,1.1534299999999997,2.5265700000000004,0.08100765274789541,0.22736842105263158,3.4526315789473685,0.07267233236866538,0.43473684210526314,3.245263157894737,0.0882950524027523,0.5431578947368422,3.136842105263158,0.12201849779144722,1.5184210526315787,2.1615789473684215,0.6552894900837483,2.085263157894737,1.594736842105263,0.8185374824986037,2.4889473684210524,1.1910526315789478,0.721260067499423,2.8584210526315785,0.8215789473684216,0.6676106477272844,48187387172.2131,-0.5293944514892573,11362184412.0981,0.7300229069503474,82.4529898168143,0.5905999374336017,1.1,0.26712306021435644,1.9,0.29187999122436364
61,SALEM,2016-01,3.68,Improvements_Additions for Apartments_Coops,0.36607999999999996,3.3139200000000004,0.05958662783351882,0.387725,3.292275,0.05905122032868824,0.42545,3.25455,0.05939369175108205,0.5163949999999999,3.1636050000000004,0.05412018919704202,0.6195525000000001,3.0604475,0.04103644513311861,0.8560224999999999,2.8239775000000003,0.031919102852467754,1.1534299999999997,2.5265700000000004,0.08100765274789541,0.22736842105263158,3.4526315789473685,0.07267233236866538,0.43473684210526314,3.245263157894737,0.0882950524027523,0.5431578947368422,3.136842105263158,0.12201849779144722,1.5184210526315787,2.1615789473684215,0.6552894900837483,2.085263157894737,1.594736842105263,0.8185374824986037,2.4889473684210524,1.1910526315789478,0.721260067499423,2.8584210526315785,0.8215789473684216,0.6676106477272844,48187387172.2131,-0.5293944514892573,11362184412.0981,0.7300229069503474,82.4529898168143,0.5905999374336017,1.1,0.26712306021435644,1.9,0.29187999122436364
62,SALEM,2016-01,3.68,Improvements_Additions for Apartments_Coops,0.36607999999999996,3.3139200000000004,0.05958662783351882,0.387725,3.292275,0.05905122032868824,0.42545,3.25455,0.05939369175108205,0.5163949999999999,3.1636050000000004,0.05412018919704202,0.6195525000000001,3.0604475,0.04103644513311861,0.8560224999999999,2.8239775000000003,0.031919102852467754,1.1534299999999997,2.5265700000000004,0.08100765274789541,0.22736842105263158,3.4526315789473685,0.07267233236866538,0.43473684210526314,3.245263157894737,0.0882950524027523,0.5431578947368422,3.136842105263158,0.12201849779144722,1.5184210526315787,2.1615789473684215,0.6552894900837483,2.085263157894737,1.594736842105263,0.8185374824986037,2.4889473684210524,1.1910526315789478,0.721260067499423,2.8584210526315785,0.8215789473684216,0.6676106477272844,48187387172.2131,-0.5293944514892573,11362184412.0981,0.7300229069503474,82.4529898168143,0.5905999374336017,1.1,0.26712306021435644,1.4,0.29187999122436364
63,SALEM,2016-01,3.68,Improvements_Additions for Apartments_Coops,0.36607999999999996,3.3139200000000004,0.05958662783351882,0.387725,3.292275,0.05905122032868824,0.42545,3.25455,0.05939369175108205,0.5163949999999999,3.1636050000000004,0.05412018919704202,0.6195525000000001,3.0604475,0.04103644513311861,0.8560224999999999,2.8239775000000003,0.031919102852467754,1.1534299999999997,2.5265700000000004,0.08100765274789541,0.22736842105263158,3.4526315789473685,0.07267233236866538,0.43473684210526314,3.245263157894737,0.0882950524027523,0.5431578947368422,3.136842105263158,0.12201849779144722,1.5184210526315787,2.1615789473684215,0.6552894900837483,2.085263157894737,1.594736842105263,0.8185374824986037,2.4889473684210524,1.1910526315789478,0.721260067499423,2.8584210526315785,0.8215789473684216,0.6676106477272844,48187387172.2131,-0.5293944514892573,11362184412.0981,0.7300229069503474,82.4529898168143,0.5905999374336017,1.1,0.26712306021435644,1.6,0.29187999122436364
64,SALEM,2017-02,3.625,Improvements_Additions for Apartments_Coops,0.6863609999999999,2.9386390000000002,0.05958662783351882,0.7163664999999999,2.9086335,0.05905122032868824,0.7767084999999999,2.8482915,0.05939369175108205,0.8480275,2.7769725,0.05412018919704202,1.0445964999999997,2.5804035,0.04103644513311861,1.3514585000000001,2.2735415,0.031919102852467754,1.723958,1.901042,0.08100765274789541,0.48210526315789465,3.142894736842105,0.07267233236866538,0.653157894736842,2.971842105263158,0.0882950524027523,0.8205263157894739,2.8044736842105262,0.12201849779144722,1.9015789473684213,1.7234210526315787,0.6552894900837483,2.4189473684210525,1.2060526315789475,0.8185374824986037,2.763684210526316,0.861315789473684,0.721260067499423,3.0321052631578946,0.5928947368421054,0.6676106477272844,47316214443.3566,-0.5293944514892573,12388258203.7622,0.7300229069503474,89.2057504560787,0.5905999374336017,2.6,0.26712306021435644,1.6,0.29187999122436364
65,SALEM,2017-02,3.625,Improvements_Additions for Apartments_Coops,0.6863609999999999,2.9386390000000002,0.05958662783351882,0.7163664999999999,2.9086335,0.05905122032868824,0.7767084999999999,2.8482915,0.05939369175108205,0.8480275,2.7769725,0.05412018919704202,1.0445964999999997,2.5804035,0.04103644513311861,1.3514585000000001,2.2735415,0.031919102852467754,1.723958,1.901042,0.08100765274789541,0.48210526315789465,3.142894736842105,0.07267233236866538,0.653157894736842,2.971842105263158,0.0882950524027523,0.8205263157894739,2.8044736842105262,0.12201849779144722,1.9015789473684213,1.7234210526315787,0.6552894900837483,2.4189473684210525,1.2060526315789475,0.8185374824986037,2.763684210526316,0.861315789473684,0.721260067499423,3.0321052631578946,0.5928947368421054,0.6676106477272844,47316214443.3566,-0.5293944514892573,12388258203.7622,0.7300229069503474,89.2057504560787,0.5905999374336017,2.6,0.26712306021435644,1.5,0.29187999122436364
66,SALEM,2017-02,3.625,Improvements_Additions for Apartments_Coops,0.6863609999999999,2.9386390000000002,0.05958662783351882,0.7163664999999999,2.9086335,0.05905122032868824,0.7767084999999999,2.8482915,0.05939369175108205,0.8480275,2.7769725,0.05412018919704202,1.0445964999999997,2.5804035,0.04103644513311861,1.3514585000000001,2.2735415,0.031919102852467754,1.723958,1.901042,0.08100765274789541,0.48210526315789465,3.142894736842105,0.07267233236866538,0.653157894736842,2.971842105263158,0.0882950524027523,0.8205263157894739,2.8044736842105262,0.12201849779144722,1.9015789473684213,1.7234210526315787,0.6552894900837483,2.4189473684210525,1.2060526315789475,0.8185374824986037,2.763684210526316,0.861315789473684,0.721260067499423,3.0321052631578946,0.5928947368421054,0.6676106477272844,47316214443.3566,-0.5293944514892573,12388258203.7622,0.7300229069503474,89.2057504560787,0.5905999374336017,2.6,0.26712306021435644,1.2,0.29187999122436364
67,SALEM,2017-02,3.625,Improvements_Additions for Apartments_Coops,0.6863609999999999,2.9386390000000002,0.05958662783351882,0.7163664999999999,2.9086335,0.05905122032868824,0.7767084999999999,2.8482915,0.05939369175108205,0.8480275,2.7769725,0.05412018919704202,1.0445964999999997,2.5804035,0.04103644513311861,1.3514585000000001,2.2735415,0.031919102852467754,1.723958,1.901042,0.08100765274789541,0.48210526315789465,3.142894736842105,0.07267233236866538,0.653157894736842,2.971842105263158,0.0882950524027523,0.8205263157894739,2.8044736842105262,0.12201849779144722,1.9015789473684213,1.7234210526315787,0.6552894900837483,2.4189473684210525,1.2060526315789475,0.8185374824986037,2.763684210526316,0.861315789473684,0.721260067499423,3.0321052631578946,0.5928947368421054,0.6676106477272844,47316214443.3566,-0.5293944514892573,12388258203.7622,0.7300229069503474,89.2057504560787,0.5905999374336017,2.6,0.26712306021435644,1.2,0.29187999122436364
68,SALEM,2017-02,3.625,Improvements_Additions for Apartments_Coops,0.6863609999999999,2.9386390000000002,0.05958662783351882,0.7163664999999999,2.9086335,0.05905122032868824,0.7767084999999999,2.8482915,0.05939369175108205,0.8480275,2.7769725,0.05412018919704202,1.0445964999999997,2.5804035,0.04103644513311861,1.3514585000000001,2.2735415,0.031919102852467754,1.723958,1.901042,0.08100765274789541,0.48210526315789465,3.142894736842105,0.07267233236866538,0.653157894736842,2.971842105263158,0.0882950524027523,0.8205263157894739,2.8044736842105262,0.12201849779144722,1.9015789473684213,1.7234210526315787,0.6552894900837483,2.4189473684210525,1.2060526315789475,0.8185374824986037,2.763684210526316,0.861315789473684,0.721260067499423,3.0321052631578946,0.5928947368421054,0.6676106477272844,47316214443.3566,-0.5293944514892573,12388258203.7622,0.7300229069503474,89.2057504560787,0.5905999374336017,1.5,0.26712306021435644,1.6,0.29187999122436364
69,SALEM,2017-02,3.625,Improvements_Additions for Apartments_Coops,0.6863609999999999,2.9386390000000002,0.05958662783351882,0.7163664999999999,2.9086335,0.05905122032868824,0.7767084999999999,2.8482915,0.05939369175108205,0.8480275,2.7769725,0.05412018919704202,1.0445964999999997,2.5804035,0.04103644513311861,1.3514585000000001,2.2735415,0.031919102852467754,1.723958,1.901042,0.08100765274789541,0.48210526315789465,3.142894736842105,0.07267233236866538,0.653157894736842,2.971842105263158,0.0882950524027523,0.8205263157894739,2.8044736842105262,0.12201849779144722,1.9015789473684213,1.7234210526315787,0.6552894900837483,2.4189473684210525,1.2060526315789475,0.8185374824986037,2.763684210526316,0.861315789473684,0.721260067499423,3.0321052631578946,0.5928947368421054,0.6676106477272844,47316214443.3566,-0.5293944514892573,12388258203.7622,0.7300229069503474,89.2057504560787,0.5905999374336017,1.5,0.26712306021435644,1.5,0.29187999122436364
70,SALEM,2017-02,3.625,Improvements_Additions for Apartments_Coops,0.6863609999999999,2.9386390000000002,0.05958662783351882,0.7163664999999999,2.9086335,0.05905122032868824,0.7767084999999999,2.8482915,0.05939369175108205,0.8480275,2.7769725,0.05412018919704202,1.0445964999999997,2.5804035,0.04103644513311861,1.3514585000000001,2.2735415,0.031919102852467754,1.723958,1.901042,0.08100765274789541,0.48210526315789465,3.142894736842105,0.07267233236866538,0.653157894736842,2.971842105263158,0.0882950524027523,0.8205263157894739,2.8044736842105262,0.12201849779144722,1.9015789473684213,1.7234210526315787,0.6552894900837483,2.4189473684210525,1.2060526315789475,0.8185374824986037,2.763684210526316,0.861315789473684,0.721260067499423,3.0321052631578946,0.5928947368421054,0.6676106477272844,47316214443.3566,-0.5293944514892573,12388258203.7622,0.7300229069503474,89.2057504560787,0.5905999374336017,1.5,0.26712306021435644,1.2,0.29187999122436364
71,SALEM,2017-02,3.625,Improvements_Additions for Apartments_Coops,0.6863609999999999,2.9386390000000002,0.05958662783351882,0.7163664999999999,2.9086335,0.05905122032868824,0.7767084999999999,2.8482915,0.05939369175108205,0.8480275,2.7769725,0.05412018919704202,1.0445964999999997,2.5804035,0.04103644513311861,1.3514585000000001,2.2735415,0.031919102852467754,1.723958,1.901042,0.08100765274789541,0.48210526315789465,3.142894736842105,0.07267233236866538,0.653157894736842,2.971842105263158,0.0882950524027523,0.8205263157894739,2.8044736842105262,0.12201849779144722,1.9015789473684213,1.7234210526315787,0.6552894900837483,2.4189473684210525,1.2060526315789475,0.8185374824986037,2.763684210526316,0.861315789473684,0.721260067499423,3.0321052631578946,0.5928947368421054,0.6676106477272844,47316214443.3566,-0.5293944514892573,12388258203.7622,0.7300229069503474,89.2057504560787,0.5905999374336017,1.5,0.26712306021435644,1.2,0.29187999122436364
72,SALEM,2017-08,3.44,Improvements_Additions for Apartments_Coops,1.1775518181818179,2.262448181818182,0.05958662783351882,1.197803181818182,2.242196818181818,0.05905122032868824,1.2317690909090908,2.208230909090909,0.05939369175108205,1.264191818181818,2.175808181818182,0.05412018919704202,1.314176818181818,2.125823181818182,0.04103644513311861,1.453699090909091,1.986300909090909,0.031919102852467754,1.7253381818181814,1.7146618181818185,0.08100765274789541,0.9795652173913042,2.460434782608696,0.07267233236866538,1.1291304347826083,2.3108695652173914,0.0882950524027523,1.2291304347826086,2.2108695652173913,0.12201849779144722,1.7765217391304353,1.6634782608695646,0.6552894900837483,2.209130434782609,1.2308695652173909,0.8185374824986037,2.552173913043478,0.887826086956522,0.721260067499423,2.795217391304348,0.6447826086956518,0.6676106477272844,49855182727.6109,-0.5293944514892573,11537595366.1601,0.7300229069503474,89.1832712740787,0.5905999374336017,2.8,0.26712306021435644,1.7,0.29187999122436364
73,SALEM,2017-08,3.44,Improvements_Additions for Apartments_Coops,1.1775518181818179,2.262448181818182,0.05958662783351882,1.197803181818182,2.242196818181818,0.05905122032868824,1.2317690909090908,2.208230909090909,0.05939369175108205,1.264191818181818,2.175808181818182,0.05412018919704202,1.314176818181818,2.125823181818182,0.04103644513311861,1.453699090909091,1.986300909090909,0.031919102852467754,1.7253381818181814,1.7146618181818185,0.08100765274789541,0.9795652173913042,2.460434782608696,0.07267233236866538,1.1291304347826083,2.3108695652173914,0.0882950524027523,1.2291304347826086,2.2108695652173913,0.12201849779144722,1.7765217391304353,1.6634782608695646,0.6552894900837483,2.209130434782609,1.2308695652173909,0.8185374824986037,2.552173913043478,0.887826086956522,0.721260067499423,2.795217391304348,0.6447826086956518,0.6676106477272844,49855182727.6109,-0.5293944514892573,11537595366.1601,0.7300229069503474,89.1832712740787,0.5905999374336017,2.8,0.26712306021435644,1.8,0.29187999122436364
74,SALEM,2017-08,3.44,Improvements_Additions for Apartments_Coops,1.1775518181818179,2.262448181818182,0.05958662783351882,1.197803181818182,2.242196818181818,0.05905122032868824,1.2317690909090908,2.208230909090909,0.05939369175108205,1.264191818181818,2.175808181818182,0.05412018919704202,1.314176818181818,2.125823181818182,0.04103644513311861,1.453699090909091,1.986300909090909,0.031919102852467754,1.7253381818181814,1.7146618181818185,0.08100765274789541,0.9795652173913042,2.460434782608696,0.07267233236866538,1.1291304347826083,2.3108695652173914,0.0882950524027523,1.2291304347826086,2.2108695652173913,0.12201849779144722,1.7765217391304353,1.6634782608695646,0.6552894900837483,2.209130434782609,1.2308695652173909,0.8185374824986037,2.552173913043478,0.887826086956522,0.721260067499423,2.795217391304348,0.6447826086956518,0.6676106477272844,49855182727.6109,-0.5293944514892573,11537595366.1601,0.7300229069503474,89.1832712740787,0.5905999374336017,2.8,0.26712306021435644,1.1,0.29187999122436364
75,SALEM,2017-08,3.44,Improvements_Additions for Apartments_Coops,1.1775518181818179,2.262448181818182,0.05958662783351882,1.197803181818182,2.242196818181818,0.05905122032868824,1.2317690909090908,2.208230909090909,0.05939369175108205,1.264191818181818,2.175808181818182,0.05412018919704202,1.314176818181818,2.125823181818182,0.04103644513311861,1.453699090909091,1.986300909090909,0.031919102852467754,1.7253381818181814,1.7146618181818185,0.08100765274789541,0.9795652173913042,2.460434782608696,0.07267233236866538,1.1291304347826083,2.3108695652173914,0.0882950524027523,1.2291304347826086,2.2108695652173913,0.12201849779144722,1.7765217391304353,1.6634782608695646,0.6552894900837483,2.209130434782609,1.2308695652173909,0.8185374824986037,2.552173913043478,0.887826086956522,0.721260067499423,2.795217391304348,0.6447826086956518,0.6676106477272844,49855182727.6109,-0.5293944514892573,11537595366.1601,0.7300229069503474,89.1832712740787,0.5905999374336017,2.8,0.26712306021435644,1.1,0.29187999122436364
76,SALEM,2017-08,3.44,Improvements_Additions for Apartments_Coops,1.1775518181818179,2.262448181818182,0.05958662783351882,1.197803181818182,2.242196818181818,0.05905122032868824,1.2317690909090908,2.208230909090909,0.05939369175108205,1.264191818181818,2.175808181818182,0.05412018919704202,1.314176818181818,2.125823181818182,0.04103644513311861,1.453699090909091,1.986300909090909,0.031919102852467754,1.7253381818181814,1.7146618181818185,0.08100765274789541,0.9795652173913042,2.460434782608696,0.07267233236866538,1.1291304347826083,2.3108695652173914,0.0882950524027523,1.2291304347826086,2.2108695652173913,0.12201849779144722,1.7765217391304353,1.6634782608695646,0.6552894900837483,2.209130434782609,1.2308695652173909,0.8185374824986037,2.552173913043478,0.887826086956522,0.721260067499423,2.795217391304348,0.6447826086956518,0.6676106477272844,49855182727.6109,-0.5293944514892573,11537595366.1601,0.7300229069503474,89.1832712740787,0.5905999374336017,1.3,0.26712306021435644,1.7,0.29187999122436364
77,SALEM,2017-08,3.44,Improvements_Additions for Apartments_Coops,1.1775518181818179,2.262448181818182,0.05958662783351882,1.197803181818182,2.242196818181818,0.05905122032868824,1.2317690909090908,2.208230909090909,0.05939369175108205,1.264191818181818,2.175808181818182,0.05412018919704202,1.314176818181818,2.125823181818182,0.04103644513311861,1.453699090909091,1.986300909090909,0.031919102852467754,1.7253381818181814,1.7146618181818185,0.08100765274789541,0.9795652173913042,2.460434782608696,0.07267233236866538,1.1291304347826083,2.3108695652173914,0.0882950524027523,1.2291304347826086,2.2108695652173913,0.12201849779144722,1.7765217391304353,1.6634782608695646,0.6552894900837483,2.209130434782609,1.2308695652173909,0.8185374824986037,2.552173913043478,0.887826086956522,0.721260067499423,2.795217391304348,0.6447826086956518,0.6676106477272844,49855182727.6109,-0.5293944514892573,11537595366.1601,0.7300229069503474,89.1832712740787,0.5905999374336017,1.3,0.26712306021435644,1.8,0.29187999122436364
78,SALEM,2017-08,3.44,Improvements_Additions for Apartments_Coops,1.1775518181818179,2.262448181818182,0.05958662783351882,1.197803181818182,2.242196818181818,0.05905122032868824,1.2317690909090908,2.208230909090909,0.05939369175108205,1.264191818181818,2.175808181818182,0.05412018919704202,1.314176818181818,2.125823181818182,0.04103644513311861,1.453699090909091,1.986300909090909,0.031919102852467754,1.7253381818181814,1.7146618181818185,0.08100765274789541,0.9795652173913042,2.460434782608696,0.07267233236866538,1.1291304347826083,2.3108695652173914,0.0882950524027523,1.2291304347826086,2.2108695652173913,0.12201849779144722,1.7765217391304353,1.6634782608695646,0.6552894900837483,2.209130434782609,1.2308695652173909,0.8185374824986037,2.552173913043478,0.887826086956522,0.721260067499423,2.795217391304348,0.6447826086956518,0.6676106477272844,49855182727.6109,-0.5293944514892573,11537595366.1601,0.7300229069503474,89.1832712740787,0.5905999374336017,1.3,0.26712306021435644,1.1,0.29187999122436364
79,SALEM,2017-08,3.44,Improvements_Additions for Apartments_Coops,1.1775518181818179,2.262448181818182,0.05958662783351882,1.197803181818182,2.242196818181818,0.05905122032868824,1.2317690909090908,2.208230909090909,0.05939369175108205,1.264191818181818,2.175808181818182,0.05412018919704202,1.314176818181818,2.125823181818182,0.04103644513311861,1.453699090909091,1.986300909090909,0.031919102852467754,1.7253381818181814,1.7146618181818185,0.08100765274789541,0.9795652173913042,2.460434782608696,0.07267233236866538,1.1291304347826083,2.3108695652173914,0.0882950524027523,1.2291304347826086,2.2108695652173913,0.12201849779144722,1.7765217391304353,1.6634782608695646,0.6552894900837483,2.209130434782609,1.2308695652173909,0.8185374824986037,2.552173913043478,0.887826086956522,0.721260067499423,2.795217391304348,0.6447826086956518,0.6676106477272844,49855182727.6109,-0.5293944514892573,11537595366.1601,0.7300229069503474,89.1832712740787,0.5905999374336017,1.3,0.26712306021435644,1.1,0.29187999122436364
80,SALEM,2017-10,3.46,Improvements_Additions for Apartments_Coops,1.1834895238095235,2.2765104761904764,0.05958662783351882,1.2040609090909093,2.2559390909090906,0.05905122032868824,1.2385486363636362,2.2214513636363638,0.05939369175108205,1.287584090909091,2.172415909090909,0.05412018919704202,1.3607931818181818,2.099206818181818,0.04103644513311861,1.541957272727273,1.918042727272727,0.031919102852467754,1.8208568181818179,1.639143181818182,0.08100765274789541,0.9957142857142858,2.4642857142857144,0.07267233236866538,1.2495238095238093,2.2104761904761907,0.0882950524027523,1.3976190476190478,2.062380952380952,0.12201849779144722,1.9809523809523806,1.4790476190476194,0.6552894900837483,2.3600000000000003,1.0999999999999996,0.8185374824986037,2.649047619047619,0.8109523809523811,0.721260067499423,2.8780952380952383,0.5819047619047617,0.6676106477272844,50617906919.2487,-0.5293944514892573,11223830878.8235,0.7300229069503474,88.11497433433529,0.5905999374336017,2.9,0.26712306021435644,1.7,0.29187999122436364
81,SALEM,2017-10,3.46,Improvements_Additions for Apartments_Coops,1.1834895238095235,2.2765104761904764,0.05958662783351882,1.2040609090909093,2.2559390909090906,0.05905122032868824,1.2385486363636362,2.2214513636363638,0.05939369175108205,1.287584090909091,2.172415909090909,0.05412018919704202,1.3607931818181818,2.099206818181818,0.04103644513311861,1.541957272727273,1.918042727272727,0.031919102852467754,1.8208568181818179,1.639143181818182,0.08100765274789541,0.9957142857142858,2.4642857142857144,0.07267233236866538,1.2495238095238093,2.2104761904761907,0.0882950524027523,1.3976190476190478,2.062380952380952,0.12201849779144722,1.9809523809523806,1.4790476190476194,0.6552894900837483,2.3600000000000003,1.0999999999999996,0.8185374824986037,2.649047619047619,0.8109523809523811,0.721260067499423,2.8780952380952383,0.5819047619047617,0.6676106477272844,50617906919.2487,-0.5293944514892573,11223830878.8235,0.7300229069503474,88.11497433433529,0.5905999374336017,2.9,0.26712306021435644,1.6,0.29187999122436364
82,SALEM,2017-10,3.46,Improvements_Additions for Apartments_Coops,1.1834895238095235,2.2765104761904764,0.05958662783351882,1.2040609090909093,2.2559390909090906,0.05905122032868824,1.2385486363636362,2.2214513636363638,0.05939369175108205,1.287584090909091,2.172415909090909,0.05412018919704202,1.3607931818181818,2.099206818181818,0.04103644513311861,1.541957272727273,1.918042727272727,0.031919102852467754,1.8208568181818179,1.639143181818182,0.08100765274789541,0.9957142857142858,2.4642857142857144,0.07267233236866538,1.2495238095238093,2.2104761904761907,0.0882950524027523,1.3976190476190478,2.062380952380952,0.12201849779144722,1.9809523809523806,1.4790476190476194,0.6552894900837483,2.3600000000000003,1.0999999999999996,0.8185374824986037,2.649047619047619,0.8109523809523811,0.721260067499423,2.8780952380952383,0.5819047619047617,0.6676106477272844,50617906919.2487,-0.5293944514892573,11223830878.8235,0.7300229069503474,88.11497433433529,0.5905999374336017,2.9,0.26712306021435644,1.0,0.29187999122436364
83,SALEM,2017-10,3.46,Improvements_Additions for Apartments_Coops,1.1834895238095235,2.2765104761904764,0.05958662783351882,1.2040609090909093,2.2559390909090906,0.05905122032868824,1.2385486363636362,2.2214513636363638,0.05939369175108205,1.287584090909091,2.172415909090909,0.05412018919704202,1.3607931818181818,2.099206818181818,0.04103644513311861,1.541957272727273,1.918042727272727,0.031919102852467754,1.8208568181818179,1.639143181818182,0.08100765274789541,0.9957142857142858,2.4642857142857144,0.07267233236866538,1.2495238095238093,2.2104761904761907,0.0882950524027523,1.3976190476190478,2.062380952380952,0.12201849779144722,1.9809523809523806,1.4790476190476194,0.6552894900837483,2.3600000000000003,1.0999999999999996,0.8185374824986037,2.649047619047619,0.8109523809523811,0.721260067499423,2.8780952380952383,0.5819047619047617,0.6676106477272844,50617906919.2487,-0.5293944514892573,11223830878.8235,0.7300229069503474,88.11497433433529,0.5905999374336017,2.9,0.26712306021435644,0.9,0.29187999122436364
84,SALEM,2017-10,3.46,Improvements_Additions for Apartments_Coops,1.1834895238095235,2.2765104761904764,0.05958662783351882,1.2040609090909093,2.2559390909090906,0.05905122032868824,1.2385486363636362,2.2214513636363638,0.05939369175108205,1.287584090909091,2.172415909090909,0.05412018919704202,1.3607931818181818,2.099206818181818,0.04103644513311861,1.541957272727273,1.918042727272727,0.031919102852467754,1.8208568181818179,1.639143181818182,0.08100765274789541,0.9957142857142858,2.4642857142857144,0.07267233236866538,1.2495238095238093,2.2104761904761907,0.0882950524027523,1.3976190476190478,2.062380952380952,0.12201849779144722,1.9809523809523806,1.4790476190476194,0.6552894900837483,2.3600000000000003,1.0999999999999996,0.8185374824986037,2.649047619047619,0.8109523809523811,0.721260067499423,2.8780952380952383,0.5819047619047617,0.6676106477272844,50617906919.2487,-0.5293944514892573,11223830878.8235,0.7300229069503474,88.11497433433529,0.5905999374336017,1.1,0.26712306021435644,1.7,0.29187999122436364
85,SALEM,2017-10,3.46,Improvements_Additions for Apartments_Coops,1.1834895238095235,2.2765104761904764,0.05958662783351882,1.2040609090909093,2.2559390909090906,0.05905122032868824,1.2385486363636362,2.2214513636363638,0.05939369175108205,1.287584090909091,2.172415909090909,0.05412018919704202,1.3607931818181818,2.099206818181818,0.04103644513311861,1.541957272727273,1.918042727272727,0.031919102852467754,1.8208568181818179,1.639143181818182,0.08100765274789541,0.9957142857142858,2.4642857142857144,0.07267233236866538,1.2495238095238093,2.2104761904761907,0.0882950524027523,1.3976190476190478,2.062380952380952,0.12201849779144722,1.9809523809523806,1.4790476190476194,0.6552894900837483,2.3600000000000003,1.0999999999999996,0.8185374824986037,2.649047619047619,0.8109523809523811,0.721260067499423,2.8780952380952383,0.5819047619047617,0.6676106477272844,50617906919.2487,-0.5293944514892573,11223830878.8235,0.7300229069503474,88.11497433433529,0.5905999374336017,1.1,0.26712306021435644,1.6,0.29187999122436364
86,SALEM,2017-10,3.46,Improvements_Additions for Apartments_Coops,1.1834895238095235,2.2765104761904764,0.05958662783351882,1.2040609090909093,2.2559390909090906,0.05905122032868824,1.2385486363636362,2.2214513636363638,0.05939369175108205,1.287584090909091,2.172415909090909,0.05412018919704202,1.3607931818181818,2.099206818181818,0.04103644513311861,1.541957272727273,1.918042727272727,0.031919102852467754,1.8208568181818179,1.639143181818182,0.08100765274789541,0.9957142857142858,2.4642857142857144,0.07267233236866538,1.2495238095238093,2.2104761904761907,0.0882950524027523,1.3976190476190478,2.062380952380952,0.12201849779144722,1.9809523809523806,1.4790476190476194,0.6552894900837483,2.3600000000000003,1.0999999999999996,0.8185374824986037,2.649047619047619,0.8109523809523811,0.721260067499423,2.8780952380952383,0.5819047619047617,0.6676106477272844,50617906919.2487,-0.5293944514892573,11223830878.8235,0.7300229069503474,88.11497433433529,0.5905999374336017,1.1,0.26712306021435644,1.0,0.29187999122436364
87,SALEM,2017-10,3.46,Improvements_Additions for Apartments_Coops,1.1834895238095235,2.2765104761904764,0.05958662783351882,1.2040609090909093,2.2559390909090906,0.05905122032868824,1.2385486363636362,2.2214513636363638,0.05939369175108205,1.287584090909091,2.172415909090909,0.05412018919704202,1.3607931818181818,2.099206818181818,0.04103644513311861,1.541957272727273,1.918042727272727,0.031919102852467754,1.8208568181818179,1.639143181818182,0.08100765274789541,0.9957142857142858,2.4642857142857144,0.07267233236866538,1.2495238095238093,2.2104761904761907,0.0882950524027523,1.3976190476190478,2.062380952380952,0.12201849779144722,1.9809523809523806,1.4790476190476194,0.6552894900837483,2.3600000000000003,1.0999999999999996,0.8185374824986037,2.649047619047619,0.8109523809523811,0.721260067499423,2.8780952380952383,0.5819047619047617,0.6676106477272844,50617906919.2487,-0.5293944514892573,11223830878.8235,0.7300229069503474,88.11497433433529,0.5905999374336017,1.1,0.26712306021435644,0.9,0.29187999122436364
